OverallQual,OverallCond,YearBuilt,SalePrice,GrLivArea,TotalBsmtSF
7,5,2003,208500,1710,856
6,8,1976,181500,1262,1262
7,5,2001,223500,1786,920
7,5,1915,140000,1717,756
8,5,2000,250000,2198,1145
5,5,1993,143000,1362,796
8,5,2004,307000,1694,1686
7,6,1973,200000,2090,1107
7,5,1931,129900,1774,952
5,6,1939,118000,1077,991
5,5,1965,129500,1040,1040
9,5,2005,345000,2324,1175
5,6,1962,144000,912,912
7,5,2006,279500,1494,1494
6,5,1960,157000,1253,1253
7,8,1929,132000,854,832
6,7,1970,149000,1004,1004
4,5,1967,90000,1296,0
5,5,2004,159000,1114,1114
5,6,1958,139000,1339,1029
8,5,2005,325300,2376,1158
7,7,1930,139400,1108,637
8,5,2002,230000,1795,1777
5,7,1976,129900,1060,1040
5,8,1968,154000,1060,1060
8,5,2007,256300,1600,1566
5,7,1951,134800,900,900
8,5,2007,306000,1704,1704
5,6,1957,207500,1600,1484
4,6,1927,68500,520,520
4,4,1920,40000,1317,649
5,6,1966,149350,1228,1228
8,5,2007,179900,1234,1234
5,5,1959,165500,1700,1398
9,5,2005,277500,1561,1561
8,5,2004,309000,2452,1117
5,5,1994,145000,1097,1097
5,6,1954,153000,1297,1297
5,7,1953,109000,1057,1057
4,5,1955,82000,1152,0
6,5,1965,160000,1324,1088
5,6,1959,170000,1328,1350
5,7,1983,144000,884,840
5,6,1975,130250,938,938
5,6,1959,141000,1150,1150
9,5,2005,319900,1752,1752
7,5,2003,239686,2149,1434
8,5,2006,249700,1656,1656
4,5,1920,113000,1452,736
5,7,1966,127000,955,955
6,6,1997,177000,1470,794
6,6,1934,114500,1176,816
5,5,1963,110000,816,816
9,5,1981,385000,1842,1842
5,5,1955,130000,1360,384
6,5,1964,180500,1425,1425
8,5,1999,172500,1739,970
7,5,2004,196500,1720,860
10,5,2006,438780,2945,1410
5,7,1972,124900,780,780
6,5,2004,158000,1158,1158
5,7,1920,101000,1111,530
8,5,2006,202500,1370,1370
7,6,1921,140000,1710,576
7,5,1997,219500,2034,1057
8,5,2004,317000,2473,1143
7,5,1970,180000,2207,1947
7,5,2003,226000,1479,1453
4,6,1945,80000,747,747
7,4,1953,225000,2287,1304
7,6,1973,244000,2223,2223
4,6,1982,129500,845,845
7,5,1998,185000,1718,832
5,7,1954,144900,1086,1086
3,6,1915,107400,1605,840
4,5,1973,91000,988,462
4,7,1956,135750,952,952
5,5,1948,127000,1285,672
4,5,1968,136500,1768,1768
5,6,1910,110000,1230,440
6,6,1968,193500,2142,896
6,5,1998,153500,1337,1237
8,5,2007,245000,1563,1563
5,5,1960,126500,1065,1065
7,5,1995,168500,1474,384
8,5,1991,260000,2417,1288
6,5,2005,174000,1560,684
6,5,2009,164500,1224,612
3,2,1915,85000,1526,1013
4,5,1994,123600,990,990
4,5,1950,109900,1040,0
5,3,1961,98600,1235,1235
5,7,1921,163500,964,876
6,6,1910,133900,2291,1214
6,5,1997,204750,1786,824
6,8,1993,185000,1470,680
7,5,1999,214000,1588,1588
4,5,1965,94750,960,960
5,5,1920,83000,835,458
4,5,1959,128950,1225,950
6,7,1977,205000,1610,1610
6,5,1985,178000,1732,741
5,5,1979,118964,1535,0
7,5,2009,198900,1226,1226
7,4,1931,169500,1818,1040
8,5,2003,250000,1992,1053
4,7,1885,100000,1047,641
5,5,1948,115000,789,789
5,7,1919,115000,1517,793
6,6,1977,190000,1844,1844
6,4,1954,136900,1855,994
7,5,2000,180000,1430,384
7,5,2007,383970,2696,1264
6,5,1953,217000,2259,1809
6,8,1945,259500,2320,1028
6,5,1999,176000,1458,729
5,5,1962,139000,1092,1092
5,5,2006,155000,1125,1125
7,5,1990,320000,3222,1673
6,5,2005,163990,1456,728
6,5,1969,180000,988,938
4,5,1939,100000,1123,732
6,7,1958,136000,1080,1080
6,5,1993,153900,1199,1199
6,5,1979,181000,1586,1362
6,8,1935,84500,754,520
6,5,1976,128000,958,1078
5,7,1930,87000,840,672
6,5,1966,155000,1348,660
5,7,1958,150000,1053,1008
7,6,1966,226000,2157,924
6,5,2000,244000,2054,992
5,6,1959,150750,1327,1063
8,5,2001,220000,1296,1267
5,6,1968,180000,1721,1461
7,6,1970,174000,1682,1304
5,5,1967,143000,1214,1214
7,5,1988,171000,1959,1907
8,5,1999,230000,1852,1004
6,5,1997,231500,1764,928
4,5,1971,115000,864,864
7,5,2005,260000,1734,1734
5,4,1952,166000,1385,910
7,5,1999,204000,1501,1490
5,5,1963,125000,1728,1728
6,5,2004,130000,1709,970
5,7,1931,105000,875,715
7,5,2001,222500,2035,884
7,5,2004,141000,1080,1080
5,4,1936,115000,1344,896
5,6,1975,122000,969,969
8,5,2007,372402,1710,1710
6,5,1971,190000,1993,825
6,7,1960,235000,1252,1602
6,5,1923,125000,1200,1200
6,5,1924,79000,1096,572
5,7,1950,109500,1040,0
8,5,2009,269500,1968,774
7,5,2004,254900,1947,991
7,5,2005,320000,2462,1392
6,6,1984,162500,1232,1232
9,5,2003,412500,2668,1572
7,5,2005,220000,1541,1541
4,6,1956,103200,882,882
6,7,1926,152000,1616,1149
5,7,1940,127500,1355,644
5,5,1955,190000,1867,1617
8,5,2007,325624,2161,1582
7,5,2004,183500,1720,840
8,6,1981,228000,1707,1686
5,6,1941,128500,1382,720
6,5,1960,215000,1656,1080
7,7,1987,239000,1767,1064
6,5,1961,163000,1362,1362
6,5,1986,184000,1651,1606
6,7,1950,243000,2158,1202
6,5,1988,211000,2060,1151
5,5,1958,172500,1920,1052
9,5,2008,501837,2234,2216
5,6,1923,100000,968,968
6,5,2000,177000,1525,756
7,6,1920,200100,1802,793
5,6,1957,120000,1340,0
7,5,2003,200000,2082,1362
5,8,1908,127000,1252,504
10,9,1892,475000,3608,1107
7,5,1990,173000,1217,1188
5,7,1916,135000,1656,660
5,5,1979,153337,1224,1086
8,5,2001,286000,1593,1593
8,8,1932,315000,2727,853
7,9,1972,184000,1479,725
7,5,1999,192000,1431,1431
7,5,2004,130000,1709,970
5,7,1972,127000,864,864
6,6,1976,148500,1456,855
7,5,2007,311872,1726,1726
8,4,1918,235000,3112,1360
6,6,1912,104000,2229,755
8,5,2004,274900,1713,1713
4,5,2003,140000,1121,1121
6,6,1977,171500,1279,1196
6,6,1924,112000,1310,617
6,5,2004,149000,848,848
5,7,1947,110000,1284,720
7,5,1990,180500,1442,1424
5,5,1962,143900,1696,1140
4,5,1960,141000,1100,1100
7,5,1988,277000,2062,1157
6,7,1964,145000,1092,1092
5,6,1925,98000,864,864
6,5,2009,186000,1212,1212
7,5,2009,252678,1852,900
5,5,1995,156000,990,990
6,7,1977,161750,1392,689
5,6,1957,134450,1236,1070
7,5,2004,210000,1436,1436
4,4,1925,107000,1328,686
7,9,1939,311500,1954,798
7,5,2005,167240,1248,1248
7,5,2006,204900,1498,1498
6,5,2002,200000,2267,1010
6,6,1975,179900,1552,713
4,6,1971,97000,864,864
10,5,2003,386250,2392,2392
5,5,1971,112000,1302,630
7,5,1995,290000,2520,1203
6,6,1970,106000,987,483
5,5,1967,125000,912,912
7,5,2005,192500,1555,1373
6,6,1959,148000,1194,1194
8,5,1995,403000,2794,1462
6,5,1972,94500,987,483
5,6,1976,128200,894,894
6,5,2002,216500,1960,860
6,3,1971,89500,987,483
7,5,2004,185500,1414,1414
7,7,1993,194500,1744,996
8,5,2007,318000,1694,1694
6,4,1945,113000,1487,735
8,5,2008,262500,1566,1566
5,9,1945,110500,866,686
5,4,1900,79000,1440,540
6,6,1980,120000,1217,626
7,5,1994,205000,2110,948
7,5,1988,241500,1872,1845
6,8,1910,137000,1928,1020
6,5,1954,140000,1375,1367
7,5,2003,180000,1668,840
6,7,1958,277000,2144,1444
3,2,1940,76500,1306,728
8,5,2006,235000,1625,1573
6,5,2004,173000,1640,798
6,7,1964,158000,1302,1302
5,6,1957,145000,1314,1314
7,5,1999,230000,2291,975
6,5,2003,207500,1728,864
7,5,2006,220000,1604,1604
7,5,2001,231500,1792,963
5,5,1956,97000,882,0
6,5,1962,176000,1382,1362
8,5,2007,276000,2574,1482
6,7,1977,151000,1212,506
5,7,1929,130000,1316,926
5,5,1925,73000,764,680
6,6,1981,175500,1422,1422
6,5,1997,185000,1511,802
5,8,1939,179500,2192,720
5,6,1940,120500,778,740
6,7,1976,148000,1113,1143
8,5,2006,266000,1939,1095
7,7,1954,241500,1363,1385
8,7,1999,290000,2270,1152
6,6,1958,139000,1632,1240
5,7,1982,124500,816,816
7,7,1925,205000,1548,952
7,5,2003,201000,1560,1560
4,5,1951,141000,864,864
9,5,2006,415298,2121,2121
7,5,1977,192000,2022,1160
7,6,1989,228500,1982,807
6,5,2006,185000,1262,1262
7,5,2007,207500,1314,1314
8,5,2008,244600,1468,1468
6,5,1992,179200,1575,1575
7,5,2006,164700,1250,625
6,7,1962,159000,1734,912
4,4,1971,88000,858,858
5,5,1967,122000,900,882
6,7,1915,153575,1396,698
8,5,2006,233230,1919,1079
5,6,1912,135900,1716,780
5,4,1949,131000,1716,768
7,7,1977,235000,2263,795
6,5,1953,167000,1644,1416
6,6,1984,142500,1003,1003
5,5,1950,152000,1558,910
7,5,1997,239000,1950,975
6,6,1968,175000,1743,702
6,8,1950,158500,1152,1092
5,5,1953,157000,1336,1165
8,5,1998,267000,2452,1028
7,5,2001,205000,1541,1541
5,7,1972,149900,894,894
7,9,1880,295000,3493,1470
8,5,2004,305900,2000,2000
7,5,1990,225000,2243,700
6,7,1920,89500,1406,319
4,5,1940,82500,861,861
9,5,2003,360000,1944,1896
6,5,1993,165600,1501,697
6,6,1948,132000,972,972
5,7,1939,119900,1118,793
7,5,1965,375000,2036,2136
7,7,1925,178000,1641,728
7,5,2004,188500,1432,716
7,7,1980,260000,2353,845
8,5,2006,270000,1959,1088
7,5,1993,260000,2646,1347
7,5,1980,187500,1472,1372
9,5,2006,342643,2596,1249
8,5,2004,354000,2468,1136
7,5,1986,301000,2730,1502
3,8,1955,126175,1163,1162
7,7,1967,242000,2978,710
5,6,1941,87000,803,720
8,5,1993,324000,1719,1719
6,5,1960,145250,1383,1383
6,6,1916,214500,2134,844
5,5,1920,78000,1192,596
5,4,1964,119000,1728,1728
5,6,1958,139000,1056,1056
8,5,2003,284000,1629,3206
7,5,2004,207000,1358,1358
6,5,1998,192000,1638,943
5,6,1965,228950,1786,1499
9,5,2005,377426,1922,1922
7,5,2002,214000,1536,1536
7,7,1984,202500,1621,1208
6,7,1958,155000,1215,1215
8,5,2002,202900,1908,967
4,4,1950,82000,841,721
3,4,1949,87500,1040,0
9,5,2005,266000,1684,1684
5,3,1976,85000,1112,536
6,5,1939,140200,1577,972
6,8,1960,151500,958,958
6,5,1960,157500,1478,1478
7,5,2003,154000,1626,764
9,5,2005,437154,2728,1848
9,5,2007,318061,1869,1869
7,5,1986,190000,1453,1453
5,6,1941,95000,1111,616
6,8,1928,105900,720,624
6,5,1940,140000,1595,940
6,5,1995,177500,1200,1200
6,6,1992,173000,1167,1158
5,5,1976,134000,1142,1142
5,4,1958,130000,1352,1062
8,5,1998,280000,1924,1086
6,6,1978,156000,912,888
5,5,1940,145000,1505,883
7,5,2003,198500,1922,0
6,8,1972,118000,987,483
6,5,1976,190000,1574,796
5,7,1920,147000,1344,672
6,5,1963,159000,1394,1394
6,5,1962,165000,1431,1099
5,6,1954,132000,1268,1268
5,7,1959,162000,1287,1063
6,5,2000,172400,1664,953
4,4,1959,134432,1588,0
6,5,1984,125000,752,744
5,6,1953,123000,1319,608
7,5,2003,219500,1928,847
1,1,1922,61000,904,683
5,5,1996,148000,914,870
8,5,2004,340000,2466,1580
9,2,2010,394432,1856,1856
6,5,2000,179000,1800,982
5,6,1924,127000,1691,1026
7,5,2006,187750,1301,1293
7,5,2006,213500,1797,939
6,3,1928,76000,784,784
6,5,1992,240000,1953,1580
8,5,2004,192000,1269,1256
5,3,1910,81000,1184,658
6,6,1976,125000,1125,1041
7,5,1999,191000,1479,1468
10,5,2007,426000,2332,1682
5,8,1900,119000,1367,861
6,5,2001,215000,1961,804
5,7,1959,106500,882,0
4,5,1941,100000,788,788
5,6,1940,109000,1034,735
5,6,1956,129000,1144,1144
5,5,1972,123000,894,894
5,5,1962,169500,1812,864
5,2,1920,67000,1077,961
7,5,2006,241000,1550,1092
8,5,1996,245500,1288,1260
7,5,2005,164990,1310,1310
5,8,1940,108000,672,672
8,5,1998,258000,2263,1141
6,5,1995,168000,1572,806
4,4,1976,150000,1620,1281
6,5,1936,115000,1639,1064
6,7,1915,177000,1680,840
7,5,2006,280000,2172,1063
8,5,2007,339750,2078,1034
5,3,1958,60000,1276,1276
5,5,1955,145000,1056,1056
7,5,2009,222000,1478,1470
5,6,1927,115000,1028,1008
7,5,1993,228000,2097,1080
7,5,2007,181134,1340,1340
6,7,1978,149500,1400,672
6,6,1918,239000,2624,1370
5,6,1940,126000,1134,756
5,6,1968,142000,1056,1056
7,5,1997,206300,1344,1344
6,7,1977,215000,1602,1602
5,5,1954,113000,988,988
8,5,1998,315000,2630,1470
6,5,1956,139000,1196,1196
7,8,1946,135000,1389,651
7,5,1989,275000,1644,1518
4,6,1957,109008,907,907
7,5,2007,195400,1208,1208
6,5,1988,175000,1412,1392
6,5,1971,85400,987,483
6,7,1920,79900,1198,901
5,5,1971,122500,1365,765
6,5,1997,181000,1604,926
4,7,1972,81000,630,630
7,6,1996,212000,1661,799
6,8,1920,116000,1118,648
6,7,1926,119000,904,884
5,6,1913,90350,694,440
6,8,1920,110000,1196,684
10,5,2008,555000,2402,3094
4,4,1955,118000,1440,1440
5,7,1930,162900,1573,1078
7,5,2006,172500,1258,1258
7,5,1994,210000,1908,915
6,5,1956,127500,1689,1436
6,6,1966,190000,1888,1517
7,5,1998,199900,1886,930
6,6,1937,119500,1376,780
3,7,1948,120000,1183,649
6,8,1930,110000,813,813
7,5,1975,280000,1533,1533
6,5,1996,204000,1756,872
8,5,2008,210000,1590,768
5,5,1976,188000,1728,1728
7,6,1973,175500,1242,1242
5,5,1916,98000,1344,624
4,6,1954,256000,1663,1364
8,7,1925,161000,1666,588
5,4,1950,110000,1203,709
8,5,2009,263435,1935,832
7,9,1936,155000,1135,560
5,5,1965,62383,864,864
6,7,1934,188700,1660,715
5,5,1978,124000,1040,1040
7,5,2004,178740,1414,1375
7,5,1970,167000,1277,1277
5,7,1942,146500,1644,728
8,5,2006,250000,1634,1626
6,5,1993,187000,1710,832
8,5,1985,212000,1502,1488
7,6,1977,190000,1969,808
6,5,2005,148000,1072,547
8,5,2006,440000,1976,1976
8,5,2000,251000,1652,1494
5,6,1963,132500,970,970
6,5,1997,208900,1493,1478
9,5,2006,380000,2643,2153
8,5,2007,297000,1718,1705
4,7,1937,89471,1131,907
9,5,2004,326000,1850,1833
9,5,2003,374000,1792,1792
7,8,1915,155000,1826,910
6,5,1998,164000,1216,1216
5,7,1962,132500,999,999
5,7,1950,147000,1113,1113
5,7,1965,156000,1073,1073
5,6,1971,175000,1484,1484
5,4,1900,160000,2414,954
4,8,1970,86000,630,630
5,6,1976,115000,1304,264
6,7,1941,133000,1578,806
6,5,2006,172785,1456,728
5,6,1960,155000,1269,1269
5,8,1938,91300,886,190
4,5,1920,34900,720,720
8,5,1992,430000,3228,3200
7,6,1925,184000,1820,1026
5,7,1967,130000,899,864
5,7,1958,120000,912,912
6,5,1973,113000,1218,672
7,5,2005,226700,1768,866
5,7,1965,140000,1214,1214
7,8,1959,289000,1801,1501
6,5,1974,147000,1322,855
5,5,1952,124500,1960,960
8,5,1993,215000,1911,777
6,5,2009,208300,1218,1218
7,9,1928,161000,1378,689
5,6,1959,124500,1041,1041
5,7,1951,164900,1363,1008
7,5,2005,202665,1368,1368
5,5,1958,129900,864,864
6,5,1983,134000,1080,1084
5,5,1926,96500,789,768
10,5,2009,402861,2020,2006
6,6,1972,158000,2119,689
7,5,1996,265000,2344,1264
6,5,1998,211000,1796,794
7,9,1926,234000,2080,1276
4,7,1900,106250,1294,0
6,6,1957,150000,1244,1244
6,7,1947,159000,1664,1004
10,5,2007,184750,4676,3138
7,5,1996,315750,2398,1379
7,5,2005,176000,1266,1257
5,7,1956,132000,928,928
9,5,2008,446261,2713,1452
4,7,1920,86000,605,528
6,3,1957,200624,2515,2035
6,5,1988,175000,1509,1461
6,8,1920,128000,1362,611
5,7,1955,107500,827,0
1,3,1946,39300,334,0
8,5,2004,178000,1414,707
5,7,1910,107500,1347,1117
7,5,1998,188000,1724,880
4,5,1972,111250,864,864
5,5,1968,158000,1159,1051
8,5,2001,272000,1601,1581
9,5,2006,315000,1838,1838
8,5,2000,248000,2285,969
7,5,1998,213250,1680,1650
7,5,1998,133000,767,723
7,5,2006,179665,1496,654
7,5,1988,229000,2183,1204
6,7,1923,210000,1635,1065
5,7,1970,129500,768,768
5,7,1955,125000,825,825
7,5,2003,263000,2094,912
6,6,1977,140000,1069,1069
5,6,1957,112500,928,928
8,5,2006,255500,1717,1709
4,5,1949,108000,1126,0
7,5,2003,284000,2046,998
5,6,1922,113000,1048,993
5,5,1957,141000,1092,1092
4,6,1920,108000,1336,637
7,5,1996,175000,1446,729
7,5,2003,234000,1557,1374
5,6,1957,121500,1392,1392
5,5,1974,170000,1389,1389
5,6,1940,108000,996,996
6,7,1918,185000,1674,1163
7,5,1992,268000,2295,1095
6,4,1915,128000,1647,806
9,5,2005,325000,2504,1122
7,5,2004,214000,1535,1517
8,8,1983,316600,2132,1496
5,5,1979,135960,943,943
5,5,1965,142600,1728,1728
6,6,1959,120000,864,864
7,5,2009,224500,1692,846
7,5,2000,170000,1430,384
5,7,1971,139000,1109,372
5,5,1947,118500,1216,832
7,7,1928,145000,1477,861
5,6,1966,164500,1320,1164
7,5,2007,146000,1392,689
5,5,1954,131500,1795,1050
6,6,1960,181900,1429,1144
8,5,2008,253293,2042,2042
6,5,1990,118500,816,816
10,9,1893,325000,2775,1237
4,7,1935,133000,1573,884
8,5,2005,369900,2028,1868
6,7,1918,130000,838,816
5,6,1982,137000,860,840
5,8,1968,143000,1473,1437
5,6,1930,79500,935,742
7,5,2004,185900,1582,770
10,5,2008,451950,2296,1722
5,8,1982,138000,816,816
6,5,2003,140000,848,848
5,6,1975,110000,924,924
8,5,2005,319000,1826,1814
6,7,1910,114504,1368,684
7,5,2006,194201,1402,1258
5,6,1977,217500,1647,1430
6,6,1980,151000,1556,716
8,5,2005,275000,1904,1058
6,6,1937,141000,1375,780
8,5,1992,220000,1915,908
7,5,2004,151000,1200,600
7,5,2002,221000,1494,1494
7,6,1965,205000,1986,768
5,5,1996,152000,1040,1040
5,8,1948,225000,2008,896
8,6,1934,359100,3194,965
4,5,1961,118500,1029,1029
9,5,2000,313000,2153,1440
6,6,1978,148000,1032,1032
8,5,2001,261500,1872,1299
5,5,2007,147000,1120,1120
4,6,1972,75500,630,630
6,7,1963,137500,1054,936
6,5,2002,183200,1509,783
6,6,1954,105500,832,832
9,5,2007,314813,1828,1822
8,5,2003,305000,2262,1482
3,3,1914,67000,864,864
6,7,1974,240000,2614,1522
5,6,1977,135000,980,980
6,5,2000,168500,1512,756
6,5,1972,165150,1790,732
6,6,1962,160000,1116,1116
5,5,1960,139900,1422,978
6,6,1955,153000,1520,1156
5,5,1969,135000,2080,1040
6,5,1964,168500,1350,1248
5,6,1880,124000,1750,636
8,5,2006,209500,1554,1554
7,5,1977,82500,1411,1386
5,7,1954,139400,1056,1056
6,5,1980,144000,1056,1056
6,7,1914,200000,3395,1440
2,3,1936,60000,800,264
5,4,1954,93000,1387,811
5,7,1910,85000,796,796
8,5,2006,264561,1567,1520
8,5,2003,274000,1518,1518
7,5,2001,226000,1929,1057
8,7,1972,345000,2704,1952
5,5,1969,152000,1620,780
9,5,2009,370878,1766,1766
6,5,1971,143250,981,981
5,5,1950,98300,1048,0
6,5,1953,155000,1094,1094
6,5,1966,155000,1839,756
4,6,1970,84500,630,630
7,6,2007,205950,1665,813
4,5,1940,108000,1510,755
7,5,1996,191000,1716,880
6,7,1906,135000,1469,756
8,6,1995,350000,2113,2109
6,5,1971,88000,1092,525
5,7,1959,145500,1053,1053
7,6,1931,149000,1502,776
6,5,1948,97500,1458,912
5,7,1964,167000,1486,1486
7,7,1976,197900,1935,793
8,7,1994,402000,2448,1629
6,3,1968,110000,1392,1392
4,5,1972,137500,1181,1138
8,5,2005,423000,2097,2077
8,5,2000,230500,1936,1406
6,5,1965,129000,2380,1021
6,5,1994,193500,1679,1408
5,6,1956,168000,1437,1188
4,5,1922,137500,1180,700
6,5,2005,173500,1476,738
6,6,1925,103600,1369,672
6,6,1977,165000,1208,1208
6,7,1957,257500,1839,1477
6,6,1965,140000,1136,1136
6,6,1978,148500,1441,855
4,2,1900,87000,1774,1095
5,8,1924,109500,792,768
8,5,2008,372500,2046,2046
5,5,1961,128500,988,988
6,5,1980,143000,923,923
5,5,1932,159434,1520,793
6,5,1996,173000,1291,1291
9,5,2002,285000,1668,1626
7,5,1998,221000,1839,1195
7,5,1984,207500,2090,1190
7,6,2007,227875,1761,874
7,5,2004,148800,1102,551
8,6,2007,392000,1419,1419
6,5,2005,194700,1362,1362
6,5,2004,141000,848,848
10,6,1994,755000,4316,2444
7,5,1989,335000,2519,1210
5,6,1921,108480,1073,1073
5,6,1936,141500,1539,927
6,6,1987,176000,1137,1112
5,7,1921,89000,616,616
5,7,1952,123500,1148,980
5,8,1965,138500,894,894
7,5,2004,196000,1391,1391
8,5,2002,312500,1800,1800
7,5,1969,140000,1164,1164
8,5,2006,361919,2576,1234
5,9,1900,140000,1812,360
7,5,2004,213000,1484,1473
4,5,1930,55000,1092,0
7,5,1971,302000,1824,1643
8,5,2006,254000,1324,1324
7,5,2007,179540,1456,728
5,7,1966,109900,904,876
3,6,1935,52000,729,270
4,7,1900,102776,1178,859
8,5,1988,189000,1228,1228
4,5,1970,129000,960,960
6,8,1976,130500,1479,725
6,5,1974,165000,1350,1064
7,8,1890,159500,2554,718
5,6,1973,157000,1178,1176
7,5,1993,341000,2418,1311
5,6,1969,128500,971,971
8,5,1985,275000,1742,1742
6,5,2004,143000,848,848
4,7,1970,124500,864,864
4,6,1954,135000,1470,941
9,5,2007,320000,1698,1698
4,6,1970,120500,864,864
6,9,1988,222000,1680,880
7,5,2007,194500,1232,1232
5,5,1958,110000,1776,1584
4,5,1925,103000,1208,780
8,5,1995,236500,1616,1595
7,5,2003,187500,1146,868
7,5,1998,222500,2031,1153
5,6,1961,131400,1144,864
5,5,1968,108000,948,948
7,7,1914,163000,1768,880
3,4,1950,93500,1040,0
8,5,2005,239900,1801,893
5,5,1987,179000,1200,1200
7,5,2004,190000,1728,864
5,7,1910,132000,1432,264
6,8,1961,142000,912,912
7,5,2000,179000,1349,1349
5,6,1963,175000,1464,520
8,5,1993,180000,1337,1337
8,9,1976,299800,2715,1142
7,5,2000,236000,2256,952
7,7,1880,265979,2640,1240
7,5,1996,260400,1720,1720
4,3,1945,98000,1529,0
4,7,1910,96500,1140,576
7,5,2003,162000,1320,660
6,5,1997,217000,1494,1479
8,5,2005,275500,2098,1030
6,8,1969,156000,1026,1026
6,5,1999,172500,1471,729
8,5,2007,212000,1768,866
6,5,1978,158900,1386,672
7,5,1999,179400,1501,744
8,5,1995,290000,2531,1318
6,6,1959,127500,864,864
5,5,1924,100000,1301,1145
7,5,2009,215200,1547,756
8,5,1999,337000,2365,1252
8,5,1995,270000,1494,1494
9,5,2008,264132,1506,1498
7,5,1988,196500,1714,980
6,7,1940,160000,1750,983
7,5,2004,216837,1836,1860
8,5,2003,538000,3279,1650
5,5,1982,134900,858,858
4,5,1951,102000,1220,836
6,5,1976,107000,1117,1029
5,5,1958,114500,912,912
8,5,2006,395000,1973,1935
6,5,1998,162000,1204,1204
7,5,2005,221500,1614,1614
5,5,1974,142500,894,864
5,5,1977,144000,2020,0
6,5,1977,135000,1004,975
7,5,1995,176000,1253,1237
6,5,1992,175900,1603,761
7,5,2001,187100,1430,1413
5,6,1978,165500,1110,1097
6,6,1914,128000,1484,742
6,5,1967,161500,1342,1372
5,6,1915,139000,1652,686
7,5,2004,233000,2084,956
4,7,1954,107900,901,901
6,8,1966,187500,2087,832
7,5,2005,160200,1145,1145
6,5,1976,146800,1062,1029
7,5,1996,269790,2013,1117
8,5,2007,225000,1496,1496
7,5,1994,194500,1895,712
6,6,1980,171000,1564,650
6,5,1977,143500,1285,660
5,5,1953,110000,773,773
9,5,2008,485000,3140,1926
5,7,1937,175000,1768,731
6,5,1997,200000,1688,616
4,7,1916,109900,1196,1196
7,5,2005,189000,1456,728
9,5,2008,582933,2822,1734
5,5,1954,118000,1128,936
7,5,2008,227680,1428,1417
5,5,1967,135500,980,980
5,6,1923,223500,1576,1324
5,5,1966,159950,1086,1024
5,5,1898,106000,2138,849
6,6,1974,181000,1309,1040
6,5,2004,144500,848,848
5,5,1952,55993,1044,540
6,6,1958,157900,1442,1442
5,7,1918,116000,1250,686
7,5,1998,224900,1661,1649
5,6,1954,137000,1008,1008
8,5,2002,271000,1689,1568
6,7,1971,155000,1052,1010
7,5,2009,224000,1358,1358
7,5,2003,183000,1640,798
4,4,1953,93000,936,936
7,5,2003,225000,1733,847
6,7,1940,139500,1489,778
8,5,2006,232600,1489,1489
10,5,2007,385000,2084,2078
5,6,1924,109500,784,784
7,5,2001,189000,1434,1454
5,5,1967,185000,2126,1013
7,5,2005,147400,1223,600
6,5,1957,166000,1392,1392
7,5,2005,151000,1200,600
7,6,2003,237000,1829,941
6,6,1964,167000,1516,1516
5,6,1961,139950,1144,1144
4,7,1950,128000,1067,1067
5,6,1948,153500,1559,1559
6,5,1973,100000,987,483
5,6,1995,144000,1099,1099
5,6,1946,130500,1200,768
6,8,1925,140000,1482,672
5,8,1904,157500,1539,650
6,7,1966,174900,1165,1127
5,4,1961,141000,1800,1800
5,8,1915,153900,1416,876
5,5,1975,171000,1701,1390
7,5,1993,213000,1775,740
5,6,1972,133500,864,864
6,8,1908,240000,2358,907
6,7,1976,187000,1855,528
6,5,2003,131500,848,848
8,5,2003,215000,1456,1273
7,5,1941,164000,1646,918
6,6,1964,158000,1445,1127
5,4,1955,170000,1779,1763
5,8,1962,127000,1040,1040
6,6,1978,147000,1026,940
6,5,1994,174000,1481,702
7,5,1976,152000,1370,1090
6,7,1968,250000,2654,1054
7,8,1918,189950,1426,912
5,4,1965,131500,1039,1039
6,5,1984,152000,1097,1040
5,5,1959,132500,1148,1148
7,5,2007,250580,1372,1372
5,6,1970,148500,1002,1002
8,5,2006,248900,1646,1638
4,5,1961,129000,1120,1040
5,6,1948,169000,2320,0
7,5,1993,236000,1949,1050
5,5,1962,109500,894,894
6,5,1998,200500,1682,804
5,7,1953,116000,910,105
5,7,1949,133000,1268,832
5,6,1941,66500,1131,676
8,5,2007,303477,2610,1184
4,5,1963,132250,1040,1064
9,5,2004,350000,2224,1462
5,7,1961,148000,1155,1109
5,8,1978,136500,864,864
5,5,2005,157000,1090,1090
7,5,1990,187500,1717,1156
6,5,1992,178000,1593,808
4,5,1912,118500,2230,795
5,5,1967,100000,892,892
9,5,1999,328900,1709,1698
5,5,1959,145000,1712,1626
5,7,1955,135500,1393,816
8,6,1970,268000,2217,2217
6,4,1953,149500,1505,1505
5,7,1949,122900,924,672
6,5,1978,172500,1683,918
6,8,1963,154500,1068,1059
5,5,1954,165000,1383,1383
5,5,1979,118858,1535,0
6,5,1963,140000,1796,780
4,6,1936,106500,951,951
5,5,1979,142953,2240,0
9,5,2009,611657,2364,2330
5,7,1961,135000,1236,912
4,6,1971,110000,858,858
5,7,1957,153000,1306,992
7,5,2003,180000,1509,783
7,5,2006,240000,1670,1670
5,6,1967,125500,902,876
5,5,1954,128000,1063,1056
8,5,2006,255000,1636,1623
7,7,1936,250000,2057,1017
5,5,1983,131000,902,864
6,5,2005,174000,1484,742
5,5,1960,154300,2274,1105
5,7,1977,143500,1268,1268
5,7,1925,88000,1015,768
5,6,1949,145000,2002,1001
6,5,2009,173733,1224,612
4,5,1970,75000,1092,546
2,3,1949,35311,480,480
4,6,1956,135000,1229,1134
7,5,1991,238000,2127,1104
6,8,1958,176500,1414,1184
6,5,1994,201000,1721,928
5,7,1900,145900,2200,1272
6,5,2005,169990,1316,1316
6,5,1993,193000,1617,1604
6,6,1980,207500,1686,1686
5,6,1977,175000,1126,1126
8,5,2003,285000,2374,1181
7,5,1968,176000,1978,832
8,5,2001,236500,1788,1753
7,5,1997,222000,2236,964
8,5,2007,201000,1466,1466
5,6,1965,117500,925,925
9,5,2006,320000,1905,1905
7,5,2004,190000,1500,1500
7,7,1960,242000,2069,585
4,5,1926,79900,747,600
7,5,2003,184900,1200,1176
7,5,2005,253000,1971,1113
7,5,2006,239799,1962,1391
7,7,1940,244400,2403,1032
6,5,1976,150900,1728,1728
7,5,1999,214000,2060,992
4,3,1977,150000,1440,1440
5,4,1967,143000,1632,1632
6,6,1958,137500,1344,819
5,6,1890,124900,1869,1088
5,6,1959,143000,1144,1144
8,5,2002,270000,1629,1616
7,5,2002,192500,1776,936
6,7,1972,197500,1381,1161
5,8,1950,129000,864,864
5,5,1965,119900,965,828
5,8,1972,133900,768,768
5,4,1969,172000,1968,784
6,5,1975,127500,980,945
6,6,1946,145000,1958,979
6,6,1980,124000,1229,561
5,5,1962,132000,1057,1057
7,5,2003,185000,1337,1337
7,5,1999,155000,1416,696
5,7,1958,116500,858,858
6,7,1977,272000,2872,1330
6,6,1976,155000,1548,804
9,5,2007,239000,1800,1800
7,5,2002,214900,1894,817
6,5,2005,178900,1484,783
5,7,1940,160000,1308,728
5,7,1955,135000,1098,1098
3,6,1910,37900,968,600
6,5,1958,140000,1095,588
4,4,1949,135000,1192,720
7,5,2003,173000,1626,764
6,5,1979,99500,918,918
7,5,2007,182000,1428,1428
7,8,1910,167500,2019,728
7,5,2000,165000,1382,673
4,7,1923,85500,869,440
7,5,2006,199900,1241,1241
4,5,1954,110000,894,894
5,6,1963,139000,1121,1121
7,9,1961,178400,999,944
8,5,1998,336000,2612,1225
7,5,2007,159895,1266,1266
8,5,2002,255900,2290,1128
5,5,1977,126000,1734,0
5,5,1950,125000,1164,1164
6,8,1910,117000,1635,485
9,5,2009,395192,1940,1930
6,6,1976,195000,2030,848
7,5,2006,197000,1576,770
8,5,1997,348000,2392,1396
8,9,1882,168000,1742,916
6,8,1964,187000,1851,822
6,5,2005,173900,1500,750
10,5,2006,337500,1718,1700
4,7,1946,121600,1230,747
5,6,1961,136500,1050,1050
6,6,1970,185000,1442,1442
3,4,1922,91000,1077,1007
7,5,2006,206000,1208,1187
3,3,1952,82000,944,0
5,6,1920,86000,691,691
8,5,2006,232000,1574,1574
5,6,1976,136905,1680,1680
7,5,2005,181000,1504,1346
5,8,1977,149900,985,985
6,3,1970,163500,1657,1657
4,4,1970,88000,1092,546
7,5,2004,240000,1710,1710
5,5,1926,102000,1522,1008
5,5,1948,135000,1271,720
5,5,1965,100000,1664,0
6,7,1923,165000,1502,602
5,4,1910,85000,1022,1022
6,5,1948,119200,1082,1082
8,6,2001,227000,1665,810
7,5,1996,203000,1504,1504
8,5,1984,187500,1360,1220
7,5,1991,160000,1472,384
7,5,2005,213490,1506,1362
4,5,2005,176000,1132,1132
7,5,2006,194000,1220,1199
5,5,1930,87000,1248,912
7,5,2005,191000,1504,1346
8,6,1976,287000,2898,1565
5,5,1972,112500,882,882
5,5,1960,167500,1264,1268
8,5,2007,293077,1646,1638
5,5,1941,105000,1376,768
6,7,1972,118000,1218,672
5,8,1916,160000,1928,686
7,3,1920,197000,3082,824
8,7,1993,310000,2520,1338
7,5,2002,230000,1654,1654
5,7,1938,119750,954,920
4,3,1957,84000,845,0
9,5,2007,315500,1620,1620
8,5,2001,287000,2263,1055
4,6,1970,97000,1344,546
4,4,1970,80000,630,630
5,4,1957,155000,1803,1134
6,8,1966,173000,1632,800
6,5,2005,196000,1306,1306
7,5,1990,262280,2329,1475
8,5,1981,278000,2524,2524
3,5,1955,139600,1733,0
9,5,2005,556581,2868,1992
5,5,1994,145000,990,990
5,4,1960,115000,1771,0
4,7,1946,84900,930,0
7,5,2007,176485,1302,1302
7,5,2007,200141,1316,1316
6,6,1964,165000,1977,816
5,6,1957,144500,1526,1216
8,5,2002,255000,1989,1065
6,5,1976,180000,1523,1193
7,5,2005,185850,1364,1364
7,6,1994,248000,1850,973
9,5,2008,335000,2184,1104
6,7,1932,220000,1991,854
8,5,2001,213500,1338,1338
3,4,1935,81000,894,894
5,5,1900,90000,2337,662
6,6,1925,110500,1103,1103
5,6,1966,154000,1154,1154
7,5,1996,328000,2260,1306
6,7,1993,178000,1571,799
6,6,1964,167900,1611,780
6,4,1973,151400,2521,942
5,7,1949,135000,893,845
5,5,1956,135000,1048,1048
6,6,1968,154000,1556,727
5,3,1948,91500,1456,810
6,6,1977,159500,1426,690
7,5,2006,194000,1240,1240
7,6,1940,219500,1740,800
5,8,1936,170000,1466,796
5,5,1969,138800,1096,1096
6,5,2004,155900,848,848
5,5,1994,126000,990,990
6,7,1971,145000,1258,1258
5,5,1963,133000,1040,1040
7,5,2002,192000,1459,1459
6,6,1964,160000,1251,1251
6,5,1995,187500,1498,691
6,6,1992,147000,996,936
4,5,1973,83500,1092,546
8,5,2005,252000,1953,1082
7,5,2004,137500,1709,970
8,5,2005,197000,1247,1247
3,4,1950,92900,1040,0
7,5,1999,160000,1252,600
6,5,1925,136500,1694,1181
5,8,1965,146000,1200,864
5,7,1956,129000,936,936
6,5,2006,176432,1314,1314
6,7,1914,127000,1355,684
8,5,1986,170000,1088,1074
4,6,1936,128000,1324,672
7,5,1978,157000,1601,1271
2,5,1920,60000,438,290
5,5,1971,119500,950,950
5,7,1960,135000,1134,1010
6,6,1959,159500,1194,655
5,5,1970,106000,1302,630
8,5,1994,325000,2622,1463
7,5,1990,179900,1442,910
7,5,2006,274725,2021,868
6,5,2000,181000,1690,924
8,5,2004,280000,1836,1836
6,5,1995,188000,1658,773
7,6,1976,205000,1964,803
5,7,1957,129900,816,816
5,7,1953,134500,1008,1008
5,7,1954,117000,833,833
8,5,2007,318000,1734,1734
8,5,2002,184100,1419,408
5,7,1967,130000,894,894
5,6,1958,140000,1601,533
5,5,1959,133700,1040,1040
6,5,1920,118400,1012,1012
7,5,2005,212900,1552,1552
4,3,1956,112000,960,672
5,9,1947,118000,698,698
7,5,1992,163900,1482,384
4,5,1955,115000,1005,1005
7,5,2007,174000,1555,1373
7,5,2004,259000,1530,1530
7,5,2004,215000,1959,847
5,5,1980,140000,936,936
4,3,1928,135000,1981,1122
5,5,1991,93500,974,974
6,4,1880,117500,2210,1008
8,5,1995,239500,2020,1128
6,5,1997,169000,1600,916
6,5,1926,102000,986,960
6,5,1950,119000,1252,1032
5,8,1875,94000,1020,780
6,5,1977,196000,1567,1567
5,5,1920,144000,1167,915
5,7,1951,139000,952,952
5,7,1976,197500,1868,780
8,5,2006,424870,2828,1466
5,3,1959,80000,1006,1006
4,4,1941,80000,924,672
5,6,1928,149000,1576,1042
6,5,1985,180000,1298,1298
7,7,1941,174500,1564,704
7,7,1926,116900,1111,572
7,9,1920,143000,1482,650
6,5,1950,124000,932,932
5,4,1959,149900,1466,1466
6,7,1956,230000,1811,1073
6,8,1930,120500,816,816
7,6,1965,201800,1820,864
5,8,1976,218000,1437,1437
5,8,1965,179900,1265,1219
7,5,2007,230000,1314,1314
8,5,2007,235128,1580,1580
6,6,1974,185000,1876,901
6,5,1978,146000,1456,855
6,7,1954,224000,1640,1296
5,5,1968,129000,894,894
4,4,1969,108959,1258,1198
5,7,1978,194000,1432,1360
7,5,2009,233170,1502,1502
8,5,2008,245350,1694,1694
6,5,2000,173000,1671,959
6,7,1935,235000,2108,1127
10,5,1995,625000,3627,1930
6,6,1977,171000,1118,1096
6,6,1958,163000,1261,1261
7,5,2006,171900,1250,625
5,6,1946,200500,3086,1598
6,8,1932,239000,2345,952
8,5,1992,285000,2872,1683
5,5,1984,119500,923,876
6,8,1926,115000,1224,818
5,6,1921,154900,1343,731
5,5,1954,93000,1124,0
7,5,1990,250000,2514,1216
8,5,2008,392500,1652,1600
10,5,1996,745000,4476,2396
5,6,1920,120000,1130,1120
5,4,1963,186700,1572,1572
5,7,1924,104900,1221,784
3,5,1900,95000,1699,978
8,5,1994,262000,1624,1624
7,5,2002,195000,1660,831
7,5,1999,189000,1804,994
4,4,1961,168000,1622,1249
8,5,1999,174000,1441,776
5,8,1925,125000,1472,702
6,5,1999,165000,1224,1224
6,7,1969,158000,1352,663
6,5,2005,176000,1456,728
7,5,2006,219210,1863,879
7,6,1916,144000,1690,815
7,5,2001,178000,1212,1212
4,5,1963,148000,1382,1051
4,5,1970,116050,864,864
7,5,1998,197900,1779,866
5,8,1925,117000,1348,884
7,5,2000,213000,1630,1630
5,6,1975,153500,1074,1056
7,7,1990,271900,2196,2158
4,4,1966,107000,1056,1056
6,5,2003,200000,1700,1682
5,7,1962,140000,1283,931
8,5,2006,290000,1660,1660
6,5,1992,189000,1845,1055
8,7,1988,164000,1752,559
4,6,1941,113000,672,672
4,9,1965,145000,960,648
5,5,1962,134500,999,925
5,5,1966,125000,894,894
6,5,1978,112000,1902,0
8,5,2009,229456,1314,1300
4,5,1947,80500,912,0
6,5,1971,91500,1218,672
5,5,1964,115000,912,912
5,5,1968,134000,1211,952
6,6,1949,143000,1846,1040
5,3,1951,137900,2136,2136
7,5,2004,184000,1490,788
6,8,1958,145000,1138,588
6,5,2007,214000,1933,894
5,8,1965,147000,912,912
9,5,2008,367294,1702,1702
5,5,1960,127000,1507,1075
5,5,1977,190000,2620,1361
5,6,1962,132500,1190,1106
4,5,1962,101800,1224,0
5,5,1959,142000,1188,1188
5,6,1911,130000,1964,940
5,5,1914,138887,1784,747
7,5,2003,175500,1626,764
7,5,2004,195000,1948,847
6,5,2005,142500,1141,1141
8,5,2006,265900,1484,1476
7,5,2003,224900,1768,884
7,6,2007,248328,1689,1689
7,6,1974,170000,1173,1053
10,5,2006,465000,2076,2076
8,7,1929,230000,1517,792
6,7,1984,178000,1868,585
7,5,2005,186500,1553,756
6,5,1976,169900,1034,1012
6,5,1917,129500,2058,735
5,7,1950,119000,988,876
7,5,1968,244000,2110,2110
7,5,2003,171750,1405,1405
5,6,1968,130000,874,864
7,7,1974,294000,2167,1192
7,5,2003,165400,1656,746
6,6,1931,127500,1367,884
8,5,1994,301500,1987,1986
5,8,1922,99900,864,864
7,5,2005,190000,1166,856
6,8,1969,151000,1054,1054
6,5,1999,181000,1675,841
5,6,1956,128900,1050,1050
4,5,1957,161500,1788,1104
6,6,1919,180500,1824,764
6,5,1998,181000,1337,1405
7,5,1999,183900,1452,691
7,4,1910,122000,1889,925
9,5,2008,378500,2018,2002
8,9,1935,381000,3447,728
5,5,1958,144000,1524,874
7,6,1979,260000,1524,1332
6,7,1968,185750,1489,1489
5,6,1965,137000,935,935
6,7,1959,177000,1357,1019
5,6,1910,139000,1250,661
5,5,1948,137000,1920,928
6,6,1972,162000,1395,723
6,5,1967,197900,1724,1680
8,5,2002,237000,2031,1128
4,4,1920,68400,1128,698
7,5,2002,227000,1573,1573
7,5,1990,180000,1339,1309
5,7,1977,150500,1040,1040
6,5,1971,139000,1824,912
6,7,1919,169000,2447,804
6,6,1939,132500,1412,780
6,5,1963,143000,1328,1328
5,5,1964,190000,1582,1624
8,5,2000,278000,1659,1501
8,5,2006,281000,1970,1085
5,7,1964,180500,1152,1152
5,7,1972,119500,1302,630
5,4,1892,107500,2372,994
7,5,1976,162900,1664,832
5,7,1955,115000,864,864
5,5,1968,138500,1052,1052
5,6,1963,155000,1128,1120
6,5,2005,140000,1072,547
10,5,2008,160000,5642,6110
5,7,1959,154000,1246,1246
7,5,1999,225000,1983,978
6,7,1942,177500,1494,771
8,5,1994,290000,2526,1165
7,5,2005,232000,1616,1616
7,5,2004,130000,1708,976
9,5,2006,325000,1652,1652
7,5,2005,202500,1368,1368
5,5,1994,138000,990,990
5,7,1948,147000,1122,924
6,5,1991,179200,1294,1278
7,8,1959,335000,1902,1902
7,5,2005,203000,1274,1274
8,5,1990,302000,2810,1453
9,5,1999,333168,2599,1393
4,6,1954,119000,948,948
6,5,1969,206900,2112,952
8,5,2008,295493,1630,1622
7,5,2006,208900,1352,1352
8,5,2001,275000,1787,1753
4,5,1954,111000,948,864
6,3,1957,156500,1478,1478
3,6,1949,72500,720,0
7,5,1992,190000,1923,750
4,7,1940,82500,708,420
8,5,2006,147000,1795,1795
4,4,1922,55000,796,796
3,6,1931,79000,774,544
5,9,1982,130500,816,816
6,7,1920,256000,2792,1510
7,5,1998,176500,1632,935
8,5,2006,227000,1588,1588
5,5,1976,132500,954,911
4,6,1938,100000,816,816
5,6,1938,125500,1360,803
5,6,1970,125000,1365,765
6,5,1977,167900,1334,1350
5,5,1973,135000,1656,1656
4,4,1941,52500,693,693
7,5,2002,200000,1861,916
5,7,1972,128500,864,864
4,5,1971,123000,872,858
6,5,2003,155000,1114,1114
8,5,2002,228500,2169,1284
6,6,1928,177000,1913,896
7,5,2006,155835,1456,728
4,4,1920,108500,960,960
7,7,1968,262500,2156,1568
8,5,2006,283463,1776,1732
7,5,1998,215000,1494,1482
8,5,1872,122000,2358,684
5,5,1969,200000,2634,1248
6,6,1962,171000,1716,858
6,9,1937,134900,1176,698
8,5,1995,410000,3238,2033
7,5,2000,235000,1865,992
7,6,1968,170000,1920,570
5,5,1966,110000,892,864
5,6,1971,149900,1078,1078
6,5,2000,177500,1573,756
9,5,2004,315000,1980,1980
5,6,1921,189000,2601,612
7,5,2005,260000,1530,1530
4,4,1920,104900,1738,715
6,5,2006,156932,1412,616
7,5,2005,144152,1200,600
7,5,2000,216000,1674,814
7,5,1999,193000,1790,873
5,6,1977,127000,1475,757
6,5,2003,144000,848,848
8,5,2003,232000,1668,1657
4,6,1920,105000,1374,840
6,6,1955,165500,1661,992
7,6,1998,274300,2097,1108
10,5,2001,466500,2633,2633
7,5,2005,250000,1958,1026
8,5,2007,239000,1571,1571
6,5,1930,91000,790,768
5,5,1941,117000,1604,984
6,5,1973,83000,987,483
5,5,2006,167500,1394,384
3,3,1914,58500,864,864
6,7,1970,237500,2117,1205
7,7,1920,157000,1762,596
5,7,1918,112000,1416,816
6,5,1939,105000,1258,560
4,8,1922,125500,1154,796
7,5,1978,250000,2784,1392
6,7,1916,136000,2526,714
9,5,2006,377500,1746,1746
6,6,1941,131000,1218,735
7,5,2000,235000,1525,1525
5,5,1967,124000,1584,1584
5,5,1967,123000,900,864
6,7,1905,163000,1912,482
7,5,2006,246578,1500,1356
8,5,2005,281213,2482,1094
5,5,1948,160000,1687,747
5,8,1920,137500,1513,939
5,4,1950,138000,1904,1208
6,6,1925,137450,1608,976
6,7,1929,120000,1158,862
6,5,2004,193000,1593,839
7,5,2006,193879,1294,1286
8,5,2007,282922,1464,1485
3,4,1915,105000,1214,672
8,5,2004,275000,1646,1594
5,7,1972,133000,768,768
5,5,1985,112000,833,833
4,7,1910,125500,1363,622
7,6,1986,215000,2093,791
7,5,2001,230000,1840,944
6,8,1950,140000,1668,856
4,5,1949,90000,1040,0
8,5,2005,257000,1844,1844
6,7,1923,207000,1848,833
7,5,2007,175900,1569,1386
4,6,1885,122500,2290,777
8,5,1998,340000,2450,1284
5,5,1963,124000,1144,1144
6,5,1969,223000,1844,1844
6,6,1968,179900,1416,708
6,5,1977,127500,1069,1069
6,5,2003,136500,848,848
6,7,1966,274970,2201,697
5,5,1958,144000,1344,1024
6,6,1959,142000,1252,1252
7,5,1994,271000,2127,1223
5,6,1945,140000,1558,913
5,7,1940,119000,804,788
6,7,1981,182900,1440,1440
5,5,2005,192140,1838,732
6,6,1976,143750,958,958
4,6,1927,64500,968,656
6,5,2000,186500,1792,936
5,5,1977,160000,1126,1126
6,9,1962,174000,1537,1319
4,6,1971,120500,864,864
8,5,2008,394617,1932,1932
6,7,1957,149700,1236,912
7,6,1979,197000,1725,539
6,7,1922,191000,2555,588
6,5,2004,149300,848,848
10,5,2008,310000,2007,1017
6,6,1916,121000,952,952
7,5,2004,179600,1422,1422
6,5,1966,129000,913,814
5,7,1962,157900,1188,1188
8,5,1995,240000,2090,1220
4,7,1910,112000,1346,560
5,7,1970,92000,630,630
5,5,1974,136000,1792,896
8,5,2008,287090,1578,1573
5,5,2005,145000,1072,547
5,5,2006,84500,1140,1140
7,5,2004,185000,1221,1221
6,5,1999,175000,1647,953
6,6,1978,210000,2073,1542
7,9,1941,266500,2340,1152
5,6,1950,142125,1078,1078
5,6,1965,147500,1256,1256
